hour,2009-05,2009-06,2009-07,2009-08,2009-09,2009-10,2009-11,2009-12,2010-01,2010-02,2010-03,2010-04,2010-05,2010-06,2010-07,2010-08,2010-09,2010-10,2010-11,2010-12,2011-01,2011-02,2011-03,2011-04,2011-05,2011-06,2011-07,2011-08,2011-09,2011-10,2011-11,2011-12,2012-01,2012-02,2012-03,2012-04,2012-05,2012-06,2012-07,2012-08,2012-09,2012-10,2012-11,2012-12,2013-01,2013-02,2013-03,2013-04,2013-05,2013-06,2013-07,2013-08,2013-09,2013-10,2013-11,2013-12,2014-01,2014-02,2014-03,2014-04,2014-05,2014-06,2014-07,2014-08,2014-09,2014-10,2014-11,2014-12,2015-01,2015-02,2015-03,2015-04,2015-05,2015-06,2015-07,2015-08,2015-09,2015-10,2015-11,2015-12,2016-01,2016-02,2016-03,2016-04,2016-05,2016-06,2016-07,2016-08,2016-09,2016-10,2016-11,2016-12,2017-01,2017-02,2017-03,2017-04,2017-05,2017-06,2017-07,2017-08,2017-09,2017-10,2017-11,2017-12,2018-01,2018-02,2018-03,2018-04,2018-05,2018-06,2018-07,2018-08,2018-09,2018-10,2018-11,2018-12,2019-01,2019-02,2019-03,2019-04,2019-05,2019-06,2019-07,2019-08,2019-09,2019-10,2019-11,2019-12,2020-01,2020-02,2020-03,2020-04,2020-05,2020-06,2020-07,2020-08,2020-09,2020-10,2020-11,2020-12,2021-01,2021-02,2021-03,2021-04,2021-05,2021-06,2021-07,2021-08,2021-09,2021-10,2021-11,2021-12,2022-01,2022-02,2022-03,2022-04,2022-05,2022-06,2022-07,2022-08,2022-09,2022-10,2022-11,2022-12,2023-01,2023-02,2023-03,2023-04,2023-05,2023-06,2023-07,2023-08,2023-09,2023-10,2023-11,2023-12,2024-01,2024-02,2024-03,2024-04,2024-05,2024-06,2024-07,2024-08,2024-09,2024-10,2024-11,2024-12,2025-01,2025-02,2025-03,2025-04,2025-05,2025-06,2025-07,2025-08,2025-09,2025-10,2025-11,2025-12,2026-01,2026-02,2026-03,2026-04,2026-05
0,0.000,0.000,0.000,0.000,0.000,0.000,0.000,0.000,0.000,0.000,0.000,0.000,0.000,0.000,0.000,0.000,0.000,0.000,0.000,0.000,0.000,0.000,0.000,0.000,0.000,0.000,0.000,0.000,0.000,0.000,0.000,0.000,0.000,0.000,0.000,0.000,0.000,0.000,0.000,0.000,0.000,0.000,0.000,0.000,0.000,0.335,0.476,0.896,1.445,2.708,1.893,4.039,5.357,3.405,1.592,0.272,1.955,5.594,3.979,0.980,1.055,0.819,7.143,0.307,0.598,5.728,0.880,5.405,7.921,0.855,4.839,4.297,6.048,2.095,2.658,2.793,2.415,2.420,3.659,3.378,2.720,2.110,3.828,2.536,1.749,1.370,2.949,1.603,4.074,2.254,0.000,0.763,0.483,0.658,0.752,0.725,0.685,0.000,1.322,1.515,0.800,0.000,1.681,1.163,0.000,0.000,1.220,0.000,0.000,0.601,0.722,1.695,1.418,0.299,1.498,1.071,0.344,0.515,1.404,1.238,0.739,1.907,1.010,1.814,1.198,3.941,2.331,4.497,3.316,3.509,3.812,2.887,3.540,3.846,2.273,2.265,3.022,2.617,2.872,7.565,9.000,0.000,0.000,0.000,0.000,0.000,0.000,0.000,0.000,0.000,0.000,0.000,0.000,0.000,0.000,0.000,1.064,4.688,3.944,5.235,2.560,3.226,6.366,2.269,2.752,4.821,4.918,3.172,4.658,3.756,7.420,3.523,2.848,2.656,2.948,3.403,2.723,5.016,2.420,2.370,3.865,5.198,3.107,5.387,2.700,5.041,6.479,1.878,8.296,2.584,1.840,1.794,3.468,3.213,3.021,1.961,2.427,7.741,4.739,2.114,0.824,1.259,2.607,7.104,1.862
1,0.000,0.000,0.000,0.000,0.000,0.000,0.000,0.000,0.000,0.000,0.000,0.000,0.000,0.000,0.000,0.000,0.000,0.000,0.000,0.000,0.000,0.000,0.000,0.000,0.000,0.000,0.000,0.000,0.000,0.000,0.000,0.000,0.000,0.000,0.000,0.000,0.000,0.000,0.000,0.000,0.000,0.000,0.000,0.000,0.000,0.894,0.357,0.560,2.102,0.417,0.828,1.253,3.274,0.717,0.265,0.815,8.101,1.748,0.796,0.196,4.749,0.955,2.521,0.000,3.586,0.491,1.408,2.402,1.080,0.000,4.839,0.260,2.672,1.905,2.405,0.838,0.242,0.382,2.265,0.845,0.837,3.797,1.196,0.725,2.915,2.397,0.536,0.641,4.074,0.000,1.667,0.000,0.000,0.000,0.000,0.000,0.685,0.000,0.000,1.010,0.400,0.391,0.840,1.163,0.000,0.000,0.000,0.885,0.000,0.601,1.083,0.282,0.000,0.000,1.498,0.000,0.000,0.000,0.000,0.310,0.000,1.635,0.000,0.907,0.200,0.164,0.466,0.214,0.510,3.509,1.570,0.000,0.177,0.733,0.852,0.174,0.962,0.796,2.027,2.364,2.000,0.000,0.000,0.000,0.000,0.000,0.000,0.000,0.000,0.000,0.000,0.000,0.000,0.000,0.000,0.000,0.355,0.391,0.845,1.264,2.048,4.584,5.590,0.810,1.835,2.321,2.396,2.671,2.795,5.052,4.097,1.445,3.967,2.656,0.825,2.741,1.913,3.708,1.742,0.903,1.090,0.619,0.847,1.911,4.258,3.189,3.099,1.174,2.691,0.000,1.380,0.000,1.541,1.406,0.159,1.070,0.485,2.510,0.163,4.651,7.249,1.619,0.186,3.097,0.266
2,0.000,0.000,0.000,0.000,0.000,0.000,0.000,0.000,0.000,0.000,0.000,0.000,0.000,0.000,0.000,0.000,0.000,0.000,0.000,0.000,0.000,0.000,0.000,0.000,0.000,0.000,0.000,0.000,0.000,0.000,0.000,0.000,0.000,0.000,0.000,0.000,0.000,0.000,0.000,0.000,0.000,0.000,0.000,0.000,0.000,0.894,0.119,0.784,1.445,0.833,0.947,2.507,0.446,1.434,0.000,1.630,0.559,0.350,2.122,1.569,5.805,3.138,1.050,0.307,0.797,2.291,0.352,1.952,4.320,0.641,2.304,3.255,2.954,2.476,0.506,0.000,0.242,0.637,0.000,0.169,0.000,0.633,0.478,0.000,0.292,0.000,0.268,0.000,0.741,0.000,0.000,0.000,0.483,0.658,0.000,0.000,0.685,0.000,0.881,0.505,0.000,0.000,1.681,0.581,0.000,0.000,0.000,0.000,0.418,0.000,1.444,0.282,0.000,0.299,0.375,0.357,0.000,1.031,0.000,0.000,0.493,1.090,0.000,0.680,0.000,0.000,0.466,0.214,0.000,0.251,0.000,0.000,0.000,0.000,0.284,0.000,0.000,1.138,1.351,0.000,0.000,0.000,0.000,0.000,0.000,0.000,0.000,0.000,0.000,0.000,0.000,0.000,0.000,0.000,0.000,0.000,0.000,0.391,0.282,1.083,0.683,1.188,2.795,1.135,1.376,0.179,1.639,0.835,2.174,0.000,1.772,0.452,1.424,0.204,0.354,1.796,0.883,0.327,0.387,0.000,1.388,0.495,3.672,0.782,2.181,0.926,0.563,0.235,2.466,0.199,0.000,0.000,0.000,1.406,0.000,0.178,0.243,0.209,0.327,0.423,1.483,0.719,0.000,1.821,0.000
3,0.000,0.000,0.000,0.000,0.000,0.000,0.000,0.000,0.000,0.000,0.000,0.000,0.000,0.000,0.000,0.000,0.000,0.000,0.000,0.000,0.000,0.000,0.000,0.000,0.000,0.000,0.000,0.000,0.000,0.000,0.000,0.000,0.000,0.000,0.000,0.000,0.000,0.000,0.000,0.000,0.000,0.000,0.000,0.000,0.000,0.335,0.119,0.896,1.051,1.458,0.947,0.836,0.744,2.509,0.000,3.261,5.028,2.448,0.796,3.137,1.055,3.274,1.050,2.761,0.000,2.619,1.408,1.652,2.160,0.427,2.074,0.521,2.954,2.857,0.000,4.469,0.000,0.127,1.394,0.507,0.418,0.000,0.957,0.000,0.000,0.000,0.000,0.000,0.370,0.205,0.000,0.000,0.000,1.316,1.504,0.000,0.000,0.000,2.643,0.505,0.000,0.000,0.840,0.000,0.000,0.000,0.610,0.442,0.000,0.300,0.000,0.000,0.000,0.299,1.124,0.357,0.000,0.000,0.000,0.000,0.985,1.635,0.606,0.000,0.000,0.000,0.000,0.214,0.000,0.000,0.000,0.000,0.000,0.000,0.000,0.000,0.000,0.000,0.000,0.000,0.000,0.000,0.000,0.000,0.000,0.000,0.000,0.000,0.000,0.000,0.000,0.000,0.000,0.000,0.000,0.000,0.000,0.000,0.000,0.000,3.242,0.000,0.000,0.324,0.153,0.179,0.252,1.169,0.000,0.000,0.332,0.903,0.916,0.000,0.000,0.189,0.074,0.000,0.000,0.000,0.099,0.743,0.282,0.000,0.104,0.103,0.282,0.469,0.000,0.000,0.000,0.000,0.963,0.402,0.318,0.000,0.485,1.883,0.000,0.000,0.000,0.000,0.000,0.000,0.000
4,0.000,0.000,0.000,0.000,0.000,0.000,0.000,0.000,0.000,0.000,0.000,0.000,0.000,0.000,0.000,0.000,0.000,0.000,0.000,0.000,0.000,0.000,0.000,0.000,0.000,0.000,0.000,0.000,0.000,0.000,0.000,0.000,0.000,0.000,0.000,0.000,0.000,0.000,0.000,0.000,0.000,0.000,0.000,0.000,0.000,0.000,0.000,2.016,0.000,1.667,2.367,0.557,0.744,1.613,2.918,2.717,1.955,0.350,3.714,4.118,1.319,5.184,4.202,3.988,2.590,2.455,5.282,1.802,1.170,1.496,0.691,3.906,1.688,2.286,0.886,6.425,0.242,0.127,3.833,1.014,0.628,0.000,0.000,0.000,0.000,0.000,0.000,0.000,0.000,0.000,0.000,0.000,0.000,0.658,0.752,0.000,0.000,1.143,1.762,0.505,0.000,0.000,1.261,0.000,0.000,0.000,0.000,0.000,0.000,0.901,1.083,0.000,0.000,0.000,1.124,0.357,0.000,2.062,0.000,0.310,0.493,1.635,0.000,0.454,0.000,0.000,0.000,0.428,0.510,0.251,0.000,0.000,0.000,0.000,0.000,0.000,0.000,0.114,0.000,0.000,0.000,0.000,0.000,0.000,0.000,0.000,0.000,0.000,0.000,0.000,0.000,0.000,0.000,0.000,0.000,0.000,0.000,0.000,0.000,0.000,0.171,0.000,1.398,0.162,0.153,0.000,0.000,0.000,0.000,0.000,0.000,0.000,0.102,0.613,0.000,0.000,0.000,0.000,0.000,0.000,0.000,0.000,0.000,0.000,0.000,0.000,0.563,0.000,0.000,0.000,0.000,0.000,1.541,0.000,0.000,0.178,0.000,0.418,0.000,0.000,0.329,0.360,0.000,0.364,0.266
5,0.000,0.000,0.000,0.000,0.000,0.000,0.000,0.000,0.000,0.000,0.000,0.000,0.000,0.000,0.000,0.000,0.000,0.000,0.000,0.000,0.000,0.000,0.000,0.000,0.000,0.000,0.000,0.000,0.000,0.000,0.000,0.000,0.000,0.000,0.000,0.000,0.000,0.000,0.000,0.000,0.000,0.000,0.000,0.000,0.000,0.559,1.308,2.464,0.788,1.250,2.485,3.343,3.125,0.717,5.570,0.272,0.279,2.797,1.061,4.510,3.958,1.501,2.311,0.920,2.789,7.856,4.930,4.204,2.610,2.564,2.074,2.474,2.391,0.571,3.544,3.352,1.208,1.146,0.871,1.689,0.209,4.641,0.000,0.362,2.332,1.027,0.804,0.321,1.481,0.000,0.000,0.000,0.966,0.658,0.752,1.449,1.370,0.571,0.000,0.000,0.400,0.391,8.824,0.581,1.087,1.205,2.439,0.442,0.000,1.502,3.249,1.977,0.000,0.000,0.000,0.000,0.000,1.031,0.000,0.310,1.970,2.452,0.000,0.454,0.599,0.000,0.932,1.285,0.000,0.501,0.000,0.000,0.000,0.183,0.000,0.871,0.962,0.114,0.000,0.000,0.000,0.000,0.000,0.000,0.000,0.000,0.000,0.000,0.000,0.000,0.000,0.000,0.000,0.000,0.000,0.000,0.000,0.000,0.563,0.000,0.000,0.000,1.863,0.000,0.765,0.000,0.000,0.000,0.000,0.000,0.000,1.987,0.203,0.409,0.236,0.000,0.221,0.109,0.097,0.339,0.000,0.000,0.000,0.174,0.000,0.103,0.282,0.000,0.000,2.187,0.153,0.673,1.349,2.008,0.000,0.178,0.000,0.209,0.490,0.634,4.613,2.158,4.097,0.000,2.128
6,0.000,0.000,0.000,0.000,0.000,0.000,0.000,0.000,0.000,0.000,0.000,0.000,0.000,0.000,0.000,0.000,0.000,0.000,0.000,0.000,0.000,0.000,0.000,0.000,0.000,0.000,0.000,0.000,0.000,0.000,0.000,0.000,0.000,0.000,0.000,0.000,0.000,0.000,0.000,0.000,0.000,0.156,0.000,0.000,0.000,0.559,5.826,2.912,3.417,1.250,5.207,2.925,6.101,0.896,6.366,3.261,2.793,5.245,2.918,4.902,0.792,5.048,3.782,2.761,3.386,6.056,6.690,3.604,1.260,1.282,3.226,2.083,2.250,1.524,1.266,1.676,4.348,2.675,1.916,3.547,5.021,2.321,4.067,2.899,6.997,1.712,1.877,2.564,3.333,0.205,11.111,7.634,10.628,13.816,10.526,6.522,6.849,12.571,10.573,11.616,11.600,10.547,6.723,6.977,11.957,4.217,10.366,9.735,7.950,3.003,9.386,3.107,4.255,1.493,3.745,5.357,3.780,3.093,4.912,3.096,8.867,4.905,3.636,2.721,2.395,2.299,4.196,2.355,2.806,2.256,3.587,1.050,2.124,4.945,2.273,4.007,0.962,3.185,0.676,0.473,2.000,0.000,0.000,0.000,0.000,0.000,0.000,0.000,0.000,0.000,0.000,0.000,0.000,0.000,0.000,0.000,0.709,0.391,1.690,0.542,0.341,0.000,2.019,2.755,0.917,1.964,2.774,0.334,1.553,2.202,0.664,2.078,0.203,1.226,0.354,0.189,0.809,0.545,0.968,0.903,0.099,2.847,0.565,0.608,0.104,0.103,2.535,0.000,0.000,2.187,1.074,1.570,2.697,0.803,1.590,2.317,0.728,1.255,0.490,0.211,2.965,6.115,2.980,1.821,0.798
7,0.000,0.000,0.000,0.000,0.000,0.000,0.000,0.000,0.000,0.000,0.000,0.000,0.000,0.000,0.000,0.000,0.000,0.000,0.000,0.000,0.000,0.000,0.000,0.000,0.000,0.000,0.000,0.000,0.000,0.000,0.000,0.000,0.000,0.000,0.000,0.000,0.000,0.000,0.000,0.300,0.000,0.781,0.000,0.000,0.000,0.559,2.854,7.055,1.840,3.750,4.615,3.900,5.357,3.226,5.570,2.446,2.514,5.245,2.122,6.078,8.971,4.229,6.723,3.681,5.578,8.183,10.563,8.258,1.080,8.547,3.687,3.385,4.219,5.333,6.203,1.397,6.039,5.605,5.749,5.405,3.556,6.540,5.024,5.797,9.329,3.767,4.558,3.205,3.333,1.844,4.444,6.870,14.010,13.158,9.023,5.797,13.014,6.286,13.656,9.596,15.600,12.500,10.084,9.302,9.783,13.855,7.927,10.177,13.389,14.114,10.108,9.322,10.993,2.985,9.363,12.143,15.808,13.918,6.316,9.907,12.315,7.902,13.737,6.349,8.583,8.703,7.226,8.565,6.122,4.261,6.502,4.987,6.903,5.861,8.807,7.840,3.571,5.688,4.899,4.019,0.000,0.000,0.000,0.000,0.000,0.000,0.000,0.000,0.000,0.000,0.000,0.000,0.000,0.000,0.000,0.000,2.128,8.984,7.042,5.235,5.973,2.547,2.640,5.511,2.752,3.036,2.648,2.170,9.783,11.658,4.097,4.336,1.119,2.451,1.651,1.512,0.957,1.636,2.517,1.467,1.487,0.495,3.531,1.477,1.454,1.440,0.000,1.408,3.812,2.982,2.607,4.036,5.395,2.811,6.995,5.704,4.126,5.439,4.248,2.748,3.295,2.518,2.421,3.825,4.787
8,0.000,0.000,0.000,0.000,0.000,0.000,0.000,0.000,0.000,0.000,0.000,0.000,0.000,0.000,0.000,0.000,0.000,0.000,0.000,0.000,0.000,0.000,0.000,0.000,0.000,0.000,0.000,0.000,0.909,0.943,0.000,1.093,0.000,2.242,1.130,1.149,0.446,0.000,0.493,2.402,2.047,1.563,1.636,0.806,1.528,2.123,3.686,5.375,3.679,3.333,4.852,2.786,5.506,8.423,3.448,7.609,1.397,5.944,3.183,6.667,3.958,6.958,2.731,5.215,15.936,4.910,3.345,1.502,1.170,4.274,4.608,7.292,3.376,6.857,3.291,3.911,8.696,2.930,5.575,6.926,8.996,4.852,5.024,5.072,3.499,7.534,9.115,5.128,7.778,3.279,11.667,16.031,14.010,14.474,11.278,15.942,18.493,14.857,10.132,12.121,8.400,12.109,5.042,12.791,13.587,10.843,13.415,12.389,10.879,11.111,8.664,11.017,6.028,10.149,6.742,11.786,14.777,8.247,12.632,10.836,7.882,12.262,13.535,12.245,12.176,9.524,9.324,6.424,11.735,7.769,4.484,6.299,12.743,8.242,13.068,5.923,7.418,6.030,9.122,9.456,8.000,0.000,0.000,0.000,0.000,0.000,0.000,0.000,0.000,0.000,0.000,0.000,0.000,0.000,0.000,20.000,9.220,8.984,4.225,11.011,1.877,1.358,0.932,2.431,4.740,4.643,3.405,1.836,3.416,3.756,5.426,4.246,1.831,4.188,2.123,2.741,1.177,1.854,2.807,1.806,3.865,2.723,1.695,5.039,2.388,1.543,1.690,1.878,8.296,4.374,1.380,5.605,3.276,3.815,3.816,3.743,5.340,4.603,3.268,3.805,2.965,2.698,6.145,4.372,4.255
9,9.524,27.273,20.000,28.571,33.333,25.000,33.333,0.000,0.000,0.000,20.000,16.667,17.647,29.412,7.692,12.500,7.692,22.222,0.000,20.000,22.222,25.000,13.889,40.000,15.385,12.500,8.219,4.301,7.273,4.717,9.821,6.011,0.000,4.036,3.390,6.897,4.018,1.087,10.837,8.709,7.018,6.563,6.544,5.914,5.694,7.374,4.281,4.031,4.993,3.958,1.538,5.153,4.762,4.659,6.631,4.348,3.073,4.545,8.488,6.078,5.805,5.048,9.034,3.067,7.968,3.601,4.930,5.556,1.980,5.983,5.300,6.120,3.938,5.524,6.076,6.983,2.899,4.204,5.226,4.730,7.531,6.751,5.024,6.159,4.082,8.219,10.188,6.090,5.926,3.074,5.000,6.870,7.246,3.947,7.519,7.971,4.795,6.857,8.811,12.121,5.200,6.250,5.462,4.651,9.239,9.036,7.927,12.389,12.134,11.712,7.220,11.582,7.092,10.149,6.367,8.214,10.653,6.701,7.719,8.669,5.911,7.357,5.859,7.029,9.780,8.374,7.925,9.208,6.378,6.266,6.951,7.087,7.788,8.425,6.250,3.659,8.104,4.209,5.068,9.220,8.000,0.000,0.000,0.000,0.000,0.000,0.000,0.000,0.000,0.000,0.000,0.000,0.000,0.000,0.000,0.000,8.865,3.906,3.099,3.249,3.413,0.679,0.621,1.783,5.199,2.500,3.026,2.337,3.882,7.513,3.101,1.084,7.223,2.554,4.481,5.671,3.974,0.981,6.776,10.835,5.352,2.847,2.542,2.520,2.596,1.749,5.915,1.408,5.157,4.374,4.294,10.538,4.432,6.627,4.610,6.774,3.398,3.138,6.863,2.960,2.636,8.993,7.821,4.554,1.596
10,23.810,18.182,20.000,42.857,0.000,50.000,0.000,0.000,0.000,25.000,10.000,22.222,5.882,23.529,15.385,25.000,0.000,33.333,36.364,10.000,11.111,6.250,16.667,0.000,30.769,12.500,8.219,8.602,8.182,15.094,8.929,12.568,4.938,6.278,9.605,8.046,4.018,7.065,6.897,11.411,8.480,10.781,7.566,8.333,11.944,8.268,3.329,2.240,3.285,4.375,5.325,5.153,1.488,3.763,5.570,8.696,5.866,6.643,2.122,4.706,4.222,2.456,3.361,3.681,2.789,3.110,2.465,3.754,4.320,3.205,5.069,5.078,3.516,6.476,4.304,5.587,2.415,4.076,3.659,5.912,5.649,5.907,5.742,3.623,3.790,3.082,5.898,4.167,6.296,6.352,5.000,0.763,3.865,4.605,4.511,9.420,2.740,3.429,3.084,3.030,0.400,9.375,5.042,5.233,4.348,3.012,6.098,4.867,5.439,5.706,6.498,7.062,6.738,9.254,6.367,8.571,9.278,6.186,3.860,6.502,3.448,5.450,8.485,7.029,6.986,7.718,8.858,7.709,10.459,11.028,11.659,9.974,7.788,6.410,3.693,2.439,6.044,3.641,7.770,5.674,12.000,0.000,0.000,0.000,0.000,0.000,0.000,0.000,0.000,0.000,0.000,0.000,0.000,100.000,0.000,10.000,5.319,4.688,4.789,1.264,4.266,5.603,1.553,3.566,4.281,4.643,1.892,3.172,6.056,4.404,1.550,3.884,8.444,4.086,8.608,3.686,7.653,4.253,6.776,11.625,2.279,4.703,8.757,7.037,6.334,3.807,1.690,15.023,4.036,2.783,11.810,8.744,4.817,3.614,9.380,9.269,4.369,1.883,7.353,8.457,6.590,7.554,9.125,3.461,2.660
11,4.762,0.000,40.000,0.000,66.667,25.000,0.000,0.000,50.000,25.000,10.000,22.222,11.765,5.882,23.077,0.000,15.385,11.111,9.091,40.000,11.111,6.250,11.111,0.000,7.692,12.500,16.438,16.129,17.273,11.321,8.036,12.568,6.790,11.211,8.475,8.046,9.821,5.435,7.882,4.505,9.649,10.469,12.270,11.022,13.472,7.151,3.924,3.135,3.942,5.625,4.379,3.343,1.339,4.480,3.448,5.707,3.631,3.497,5.570,6.078,7.916,4.093,5.672,3.988,5.976,2.782,2.817,1.952,3.060,4.274,3.687,3.516,2.250,4.381,4.304,7.542,5.314,6.242,2.613,3.041,4.184,11.181,6.220,1.812,6.122,3.425,4.558,5.449,3.333,5.123,3.333,5.344,3.865,2.632,4.511,5.072,4.110,0.571,1.322,2.020,2.000,2.344,2.101,3.488,1.087,3.012,4.268,3.540,3.347,4.505,2.166,4.237,4.610,5.373,4.120,7.143,4.811,5.670,5.263,4.644,4.187,1.362,3.838,6.122,4.591,7.225,4.429,3.426,3.571,5.013,4.709,7.349,4.425,3.297,5.966,3.310,2.198,8.191,5.574,4.255,3.000,0.000,0.000,0.000,0.000,0.000,0.000,0.000,0.000,0.000,0.000,0.000,0.000,0.000,0.000,0.000,6.738,3.125,2.254,1.444,5.290,3.056,0.932,1.297,8.869,4.107,5.044,7.179,11.801,6.477,7.420,10.659,11.089,8.274,13.679,9.924,9.198,7.525,15.392,6.659,5.946,5.569,2.825,8.167,5.815,3.807,3.380,6.103,7.848,7.356,9.202,6.951,10.405,5.422,3.816,5.348,7.767,8.577,1.307,4.651,10.379,6.475,6.518,1.639,3.457
12,14.286,9.091,0.000,14.286,0.000,0.000,0.000,50.000,0.000,0.000,10.000,5.556,41.176,11.765,7.692,0.000,30.769,11.111,27.273,0.000,11.111,12.500,8.333,20.000,15.385,6.250,16.438,8.602,5.455,11.321,9.821,6.011,14.815,10.314,10.169,16.667,6.696,9.239,8.867,9.309,4.971,10.313,7.771,13.172,8.194,8.380,5.351,5.487,5.388,5.625,4.852,4.596,2.976,5.914,4.244,4.348,3.631,5.594,5.040,4.902,4.222,3.683,5.042,5.521,4.980,3.764,2.289,0.751,1.260,2.350,4.147,1.302,2.110,6.857,4.810,2.514,3.623,3.822,2.613,3.209,3.347,5.696,7.656,5.435,5.248,7.534,3.485,5.769,4.074,3.893,3.333,0.763,8.696,2.632,3.759,4.348,3.425,2.857,3.965,2.525,4.400,1.953,2.101,4.070,2.717,4.819,6.707,3.540,3.347,2.102,4.693,2.542,3.546,6.567,3.745,3.214,1.718,3.093,5.614,6.502,3.941,2.997,3.030,3.855,1.996,3.284,4.895,3.854,2.806,2.506,3.587,7.874,3.717,1.648,5.682,3.484,4.121,5.916,4.392,1.655,2.000,0.000,0.000,0.000,0.000,0.000,0.000,0.000,0.000,0.000,0.000,0.000,0.000,0.000,0.000,20.000,3.546,1.563,4.507,8.123,11.775,8.829,3.416,6.645,9.786,10.714,7.314,15.025,4.658,4.145,3.544,3.433,5.290,9.806,11.203,10.019,6.255,4.689,5.518,4.740,3.171,2.847,3.672,3.910,6.127,6.996,3.099,3.052,2.691,8.151,2.607,7.175,4.624,7.229,3.021,7.130,6.311,7.741,1.634,3.594,4.613,3.058,3.724,4.554,1.064
13,9.524,0.000,0.000,0.000,0.000,0.000,0.000,0.000,25.000,0.000,10.000,5.556,5.882,0.000,0.000,0.000,0.000,11.111,9.091,0.000,11.111,12.500,2.778,0.000,0.000,6.250,6.849,13.978,12.727,14.151,9.821,15.301,10.494,9.865,13.559,16.667,7.143,14.674,8.867,7.508,12.281,6.875,8.589,10.215,11.389,8.492,4.875,3.024,3.679,4.375,3.314,6.407,2.530,4.659,6.366,7.880,6.145,5.245,3.183,3.333,2.902,3.956,5.672,6.442,2.789,2.128,5.106,1.802,1.890,3.846,4.378,1.823,2.391,3.810,5.443,3.631,7.005,2.293,5.226,3.378,5.439,3.376,6.220,4.710,3.790,4.110,4.826,5.128,5.926,4.098,2.778,3.053,4.348,2.632,6.015,5.072,4.795,1.143,2.643,2.020,2.400,2.344,2.521,5.233,2.174,8.434,6.098,2.212,6.276,4.805,4.332,3.955,4.965,5.970,3.745,3.929,3.436,4.124,2.807,3.715,5.665,3.815,0.606,5.442,2.196,3.448,3.963,3.854,4.592,3.509,4.260,4.462,3.009,4.029,3.125,5.923,2.610,2.958,4.561,4.728,6.000,0.000,0.000,0.000,0.000,0.000,0.000,0.000,0.000,0.000,0.000,0.000,0.000,0.000,0.000,0.000,4.610,3.125,3.944,6.498,5.631,14.601,2.174,7.131,3.058,4.643,6.810,7.679,3.571,9.067,4.983,8.040,2.747,4.086,10.495,3.686,6.107,7.525,2.807,8.352,3.865,5.693,6.497,3.823,9.450,6.687,8.451,8.451,6.054,2.584,3.834,4.933,4.432,7.831,7.472,3.743,3.155,7.322,2.614,3.594,4.942,10.252,1.862,2.550,1.862
14,9.524,18.182,0.000,0.000,0.000,0.000,33.333,50.000,0.000,25.000,20.000,11.111,0.000,17.647,0.000,6.250,23.077,11.111,9.091,0.000,11.111,6.250,5.556,0.000,7.692,18.750,6.849,19.355,16.364,13.208,17.857,15.301,23.457,18.386,27.119,17.816,17.411,15.761,11.330,18.619,15.789,12.500,17.178,11.559,12.917,10.615,9.512,5.711,3.417,6.667,8.994,7.939,4.613,6.989,9.284,8.696,7.263,6.294,3.183,6.078,9.235,4.093,5.462,7.362,4.781,4.255,5.458,3.754,1.890,2.991,5.760,1.432,4.079,2.857,7.595,4.190,3.623,4.204,3.659,4.054,5.021,4.430,3.110,4.710,2.915,4.795,5.630,8.974,3.333,4.303,5.000,6.870,1.449,2.632,1.504,2.899,1.370,4.000,2.643,5.051,3.600,3.906,1.681,4.070,1.630,6.627,2.439,4.867,5.021,0.901,2.166,5.367,3.901,4.776,8.989,3.929,2.405,4.124,3.509,5.263,3.202,4.632,2.626,4.762,3.792,2.791,6.527,4.283,4.337,4.010,4.933,5.774,4.602,5.311,4.545,8.362,6.044,5.916,3.716,7.329,5.000,0.000,0.000,0.000,0.000,0.000,0.000,0.000,0.000,0.000,0.000,0.000,0.000,0.000,0.000,0.000,4.610,4.297,6.761,10.108,7.338,9.338,9.938,4.700,7.187,7.143,6.053,5.843,5.280,7.642,7.087,4.607,7.935,9.397,5.660,9.357,4.489,6.434,6.389,5.530,8.028,5.569,4.379,5.126,8.411,8.745,7.042,13.850,8.744,12.525,3.528,3.139,3.854,7.028,5.246,2.674,4.612,2.929,11.275,2.326,2.471,1.079,5.214,4.554,6.649
15,4.762,0.000,0.000,0.000,0.000,0.000,0.000,0.000,25.000,0.000,20.000,5.556,11.765,0.000,0.000,12.500,0.000,0.000,0.000,20.000,0.000,12.500,11.111,0.000,7.692,6.250,21.918,15.054,15.455,16.981,19.643,19.126,22.222,23.318,14.689,12.069,22.321,25.000,14.286,20.420,21.345,13.438,16.769,14.247,17.917,13.743,9.037,5.935,8.804,8.750,6.982,8.914,5.655,7.527,7.958,10.598,10.615,6.993,8.753,7.451,5.013,3.956,7.353,5.828,7.769,5.401,5.810,6.006,1.620,5.556,7.143,5.339,7.736,6.667,6.709,3.631,7.488,5.987,5.226,6.419,4.603,5.907,7.416,4.710,4.082,8.904,2.681,3.526,2.222,5.943,5.000,2.290,3.382,3.947,1.504,6.522,7.534,3.429,3.524,5.556,8.000,5.469,1.681,10.465,5.435,7.831,5.488,6.195,3.766,3.904,4.693,3.672,2.482,8.358,5.993,5.714,1.718,5.670,6.667,4.025,4.187,4.087,3.838,6.122,3.792,4.762,3.730,3.212,5.612,4.010,5.381,5.512,3.363,7.875,4.830,2.265,3.846,5.802,4.730,5.437,6.000,0.000,0.000,0.000,0.000,0.000,0.000,0.000,0.000,0.000,0.000,0.000,0.000,0.000,0.000,0.000,8.156,6.641,12.113,5.054,5.631,6.112,5.901,10.373,6.422,8.929,7.314,9.683,2.950,4.404,6.423,7.949,8.749,6.537,7.901,10.775,6.107,10.578,8.616,4.853,6.145,3.094,6.073,5.213,6.023,5.144,6.479,12.207,7.848,5.765,3.528,4.484,5.973,3.213,4.769,3.030,7.039,3.347,6.536,5.708,3.954,4.317,5.587,8.561,9.309
16,4.762,9.091,0.000,0.000,0.000,0.000,33.333,0.000,0.000,25.000,0.000,11.111,0.000,5.882,15.385,43.750,15.385,0.000,9.091,10.000,22.222,12.500,16.667,20.000,0.000,18.750,12.329,7.527,4.545,10.377,12.500,10.929,14.198,10.762,10.734,4.598,15.625,14.674,25.123,14.414,15.497,13.594,14.519,16.398,14.444,13.631,11.772,11.758,8.147,8.125,6.864,8.217,6.845,13.799,7.162,11.141,8.101,9.790,4.509,7.843,7.124,5.730,6.933,7.055,8.765,8.674,5.458,8.408,5.851,6.624,6.682,7.161,5.345,8.190,4.051,7.263,5.556,4.586,5.923,6.757,5.649,5.907,6.220,5.072,4.956,5.137,5.898,5.769,4.444,3.893,7.222,9.160,1.449,5.921,6.015,5.797,6.849,7.429,7.489,5.051,3.200,2.734,5.462,5.814,1.087,3.614,4.268,6.637,5.021,10.210,4.332,3.107,8.156,2.985,5.243,4.286,3.780,3.093,6.316,2.786,4.680,3.542,4.040,4.308,2.994,4.105,1.399,6.852,5.357,7.018,6.502,4.724,4.602,2.381,6.250,4.181,7.830,5.802,5.574,4.255,2.000,0.000,0.000,0.000,0.000,0.000,0.000,0.000,0.000,0.000,0.000,0.000,0.000,0.000,0.000,10.000,4.610,6.641,3.662,2.888,1.706,9.168,4.814,8.914,4.281,5.000,9.079,6.177,4.193,2.591,10.188,12.105,6.816,6.129,6.958,4.915,5.592,7.961,4.453,3.612,10.208,6.436,9.040,5.213,7.373,6.070,3.380,5.399,4.036,4.175,12.423,6.278,3.854,5.221,6.518,12.478,5.097,6.067,6.046,4.228,2.965,3.237,3.724,8.379,5.053
17,0.000,0.000,0.000,14.286,0.000,0.000,0.000,0.000,0.000,0.000,0.000,0.000,5.882,0.000,30.769,0.000,7.692,0.000,0.000,0.000,0.000,6.250,11.111,20.000,7.692,0.000,2.740,4.301,5.455,0.943,2.679,1.093,1.235,3.139,1.130,5.172,0.893,0.543,2.463,1.802,1.170,6.250,2.863,6.989,2.361,4.358,6.540,4.815,5.782,3.542,1.420,6.407,3.423,4.480,3.183,4.891,2.235,5.594,6.897,2.353,2.639,2.865,2.941,3.681,1.394,2.782,4.049,3.604,2.970,2.991,1.843,1.693,3.938,1.905,4.304,3.073,5.314,3.185,6.098,6.419,5.021,3.586,4.545,5.435,6.122,7.877,8.311,4.808,3.333,6.762,7.778,7.634,2.899,3.947,6.767,5.072,4.795,7.429,3.524,4.040,2.400,6.250,4.202,7.558,6.522,4.819,4.878,3.540,5.439,3.003,4.693,3.955,6.028,3.284,5.618,4.286,3.436,6.186,6.316,4.644,6.158,3.270,5.657,5.215,6.188,3.612,5.128,5.353,5.612,9.023,3.363,4.462,3.009,3.663,4.545,1.916,6.456,5.461,4.392,6.147,8.000,0.000,0.000,0.000,0.000,0.000,0.000,0.000,0.000,0.000,0.000,0.000,0.000,0.000,0.000,10.000,0.709,4.297,9.577,5.054,6.314,3.565,11.025,9.238,7.798,6.786,8.071,4.841,6.522,6.218,9.967,4.697,3.154,5.312,5.071,4.253,6.034,8.833,3.001,7.449,6.145,9.406,4.661,7.124,6.231,8.333,7.042,7.981,2.018,5.765,9.356,10.090,6.744,6.024,4.134,5.882,8.495,3.556,9.967,4.017,14.333,1.978,4.283,7.104,8.511
18,9.524,9.091,0.000,0.000,0.000,0.000,0.000,0.000,0.000,0.000,0.000,0.000,0.000,0.000,0.000,0.000,0.000,0.000,0.000,0.000,0.000,0.000,0.000,0.000,7.692,6.250,0.000,1.075,3.636,0.000,0.000,0.000,1.852,0.000,0.000,0.000,0.893,4.348,1.970,0.300,0.585,0.625,0.409,1.075,0.000,2.793,3.448,2.464,6.176,1.250,3.314,1.393,5.655,6.810,3.979,1.359,1.397,0.699,2.122,1.569,1.847,4.502,1.050,3.681,3.984,2.128,10.035,5.706,2.070,5.556,2.304,3.516,4.501,3.238,5.190,1.955,1.208,5.478,6.620,6.757,6.695,3.165,5.502,5.072,3.499,6.849,8.311,8.013,5.185,7.377,3.333,4.580,4.348,7.895,8.271,4.348,6.164,6.857,5.286,6.566,8.400,4.297,7.143,5.814,7.609,3.614,2.439,5.752,6.276,2.102,8.664,4.520,6.383,2.090,4.869,3.571,2.749,4.639,4.561,4.334,4.187,6.267,5.253,5.442,6.587,4.598,5.828,5.353,5.102,5.013,4.484,3.937,8.496,10.623,5.114,5.052,6.593,5.916,4.392,4.019,12.000,0.000,0.000,0.000,0.000,0.000,0.000,0.000,0.000,0.000,0.000,0.000,0.000,0.000,0.000,10.000,6.028,3.125,6.479,7.581,5.631,3.226,10.404,3.566,10.703,5.357,4.035,6.511,9.161,2.850,2.104,3.884,4.781,6.742,3.184,5.198,4.857,7.852,3.775,4.402,5.154,6.312,4.944,4.257,6.231,6.687,8.169,6.573,7.848,12.922,8.129,6.054,10.019,4.618,8.267,4.100,8.010,8.577,8.007,8.457,4.778,4.676,4.097,4.007,5.851
19,0.000,9.091,20.000,0.000,0.000,0.000,0.000,0.000,0.000,0.000,0.000,0.000,0.000,5.882,0.000,0.000,0.000,0.000,0.000,0.000,0.000,0.000,2.778,0.000,0.000,0.000,0.000,0.000,0.000,0.943,0.893,0.000,0.000,0.448,0.000,0.575,0.446,0.543,0.985,0.000,0.000,0.156,1.227,0.000,0.139,2.346,3.686,3.471,7.227,5.833,5.562,1.114,6.845,1.792,3.714,3.533,2.235,4.196,5.040,3.137,1.847,4.638,3.571,6.748,4.781,4.583,5.106,3.453,3.420,3.205,2.995,5.859,4.219,4.190,2.278,2.514,3.865,7.643,6.620,6.250,2.510,2.743,2.632,3.623,6.706,3.082,3.485,7.372,5.185,2.869,6.667,5.344,5.797,3.947,3.008,4.348,2.740,6.286,4.405,4.040,5.200,6.250,3.782,2.326,2.717,3.012,4.878,1.770,2.929,3.604,3.610,2.542,5.319,2.985,4.494,3.214,3.093,6.186,5.614,7.121,3.695,3.815,4.040,6.803,4.391,5.747,3.963,4.283,5.102,2.256,4.260,6.299,5.664,3.663,8.239,3.833,3.984,5.688,8.953,2.600,4.000,0.000,0.000,0.000,0.000,0.000,0.000,0.000,0.000,0.000,0.000,0.000,0.000,0.000,0.000,0.000,9.220,3.125,4.789,5.054,3.925,2.716,4.193,7.131,3.976,7.500,6.936,2.671,5.435,5.440,1.329,3.884,6.104,3.269,3.184,6.427,4.562,1.963,8.519,4.515,6.838,6.188,6.215,4.865,2.804,5.247,7.606,2.817,5.381,3.976,7.209,6.278,4.432,7.631,5.882,3.922,9.951,5.439,8.170,2.537,2.471,3.058,6.704,6.011,7.979
20,0.000,0.000,0.000,0.000,0.000,0.000,0.000,0.000,0.000,0.000,0.000,0.000,0.000,0.000,0.000,0.000,0.000,0.000,0.000,0.000,0.000,0.000,0.000,0.000,0.000,0.000,0.000,1.075,0.000,0.000,0.000,0.000,0.000,0.000,0.000,1.724,0.446,0.543,0.000,0.000,0.000,1.250,0.409,0.269,0.000,1.788,1.546,5.599,5.650,7.500,8.402,1.253,6.101,3.047,3.714,1.359,4.469,3.846,5.040,2.745,6.332,5.184,3.361,3.067,5.179,4.419,2.465,4.204,11.161,10.897,10.599,7.031,5.907,7.238,3.671,7.542,8.696,8.535,6.969,3.885,4.812,4.641,5.502,6.522,9.913,3.767,2.681,6.731,6.667,3.893,2.222,3.817,3.382,2.632,0.752,2.899,4.110,2.857,5.286,2.020,6.000,3.906,5.882,1.163,3.261,3.614,4.878,3.097,4.603,3.604,4.332,5.085,4.255,5.970,4.120,2.857,6.186,3.608,2.807,3.406,5.419,4.905,5.051,2.948,6.188,2.791,4.662,2.998,5.102,4.010,5.605,8.136,4.779,2.564,4.830,3.136,3.022,5.688,4.561,4.255,2.000,0.000,0.000,0.000,0.000,0.000,0.000,0.000,0.000,0.000,0.000,0.000,0.000,0.000,0.000,20.000,7.092,5.469,4.507,2.888,1.365,0.849,2.174,4.538,3.058,1.250,3.531,4.841,3.106,1.684,3.544,5.510,1.322,2.554,3.538,4.537,9.124,4.144,3.775,5.643,5.451,7.054,6.921,4.083,3.634,6.481,7.606,1.174,4.260,2.982,7.209,2.915,4.046,4.819,6.836,4.100,3.641,1.046,2.778,2.748,5.931,5.216,5.028,1.639,8.777
21,4.762,0.000,0.000,0.000,0.000,0.000,0.000,0.000,0.000,0.000,0.000,0.000,0.000,0.000,0.000,0.000,0.000,0.000,0.000,0.000,0.000,0.000,0.000,0.000,0.000,0.000,0.000,0.000,2.727,0.000,0.000,0.000,0.000,0.000,0.000,0.575,3.125,0.000,0.000,0.000,1.170,2.813,0.204,0.000,0.000,1.341,7.372,6.943,4.205,10.625,8.402,4.039,7.440,1.971,3.979,1.087,12.011,3.497,6.897,5.882,2.902,5.321,3.151,5.828,1.793,4.746,2.993,6.006,14.221,12.821,7.834,3.776,6.610,7.048,8.734,7.263,3.382,8.153,5.052,2.703,4.812,5.274,5.263,7.609,3.790,3.767,2.949,5.449,6.296,20.287,7.222,3.053,4.831,2.632,7.519,1.449,1.370,5.143,1.322,5.051,4.000,6.250,5.882,4.070,5.978,2.410,0.610,1.770,1.255,6.306,3.249,6.780,5.674,7.164,4.120,3.929,4.811,2.577,3.860,4.954,3.941,4.360,3.232,3.855,4.391,5.419,3.963,4.497,4.847,3.759,4.260,2.625,2.478,3.663,2.273,15.679,8.104,5.575,3.885,7.092,2.000,0.000,0.000,0.000,0.000,0.000,0.000,0.000,0.000,0.000,0.000,0.000,0.000,0.000,0.000,0.000,9.574,15.234,6.197,6.498,9.044,3.565,3.106,8.266,3.211,4.821,5.296,4.341,1.242,3.368,3.544,4.155,4.985,8.784,2.476,4.064,5.151,5.562,5.421,3.837,5.550,11.634,7.910,9.383,5.919,5.967,5.915,4.930,2.915,5.368,6.135,3.812,2.119,7.831,3.657,7.308,2.670,5.439,8.824,4.228,6.425,9.173,11.173,8.925,1.862
22,4.762,0.000,0.000,0.000,0.000,0.000,0.000,0.000,0.000,0.000,0.000,0.000,0.000,0.000,0.000,0.000,0.000,0.000,0.000,0.000,0.000,0.000,0.000,0.000,0.000,0.000,0.000,0.000,0.000,0.000,0.000,0.000,0.000,0.000,0.000,0.000,6.696,0.543,0.000,0.300,0.000,1.406,0.204,0.000,0.000,2.570,7.848,7.839,7.359,3.750,4.852,7.103,4.613,5.197,2.387,3.804,2.793,0.699,7.162,3.922,4.485,7.094,3.151,5.521,1.394,4.746,5.106,13.514,15.212,6.624,2.765,8.464,12.096,2.476,9.114,4.749,11.836,7.898,5.749,7.264,7.531,4.430,4.545,7.609,5.539,6.507,4.021,7.692,8.519,12.705,5.556,6.870,0.966,3.947,3.759,2.899,2.740,5.143,4.405,1.515,6.000,1.563,6.303,1.744,3.804,2.410,1.220,3.982,0.418,3.303,2.166,4.802,4.610,4.478,4.120,3.929,4.811,5.670,5.263,4.954,3.448,5.450,6.263,3.175,4.591,6.404,5.361,5.567,2.296,5.263,5.381,2.887,6.195,7.509,3.125,11.150,8.379,6.712,4.392,3.783,7.000,0.000,0.000,0.000,0.000,0.000,0.000,0.000,0.000,0.000,0.000,0.000,0.000,0.000,0.000,0.000,5.674,7.031,5.915,5.957,5.461,9.508,9.938,3.728,3.670,6.071,2.270,3.673,4.969,1.425,4.762,2.349,4.578,5.209,2.358,1.229,4.489,3.272,6.099,4.740,7.136,4.827,6.356,6.864,5.815,6.687,5.070,2.113,2.915,3.380,1.380,2.242,4.239,4.016,7.472,3.030,7.039,7.113,3.268,10.782,1.647,4.317,3.352,5.282,13.032
23,0.000,0.000,0.000,0.000,0.000,0.000,0.000,0.000,0.000,0.000,0.000,0.000,0.000,0.000,0.000,0.000,0.000,0.000,0.000,0.000,0.000,0.000,0.000,0.000,0.000,0.000,0.000,0.000,0.000,0.000,0.000,0.000,0.000,0.000,0.000,0.000,0.000,0.543,0.000,0.000,0.000,0.469,1.840,0.000,0.000,0.894,2.735,4.591,6.176,3.333,1.657,6.825,5.060,1.971,2.653,0.272,1.955,3.147,5.305,1.765,1.847,6.276,2.731,8.589,0.398,2.291,1.056,0.751,6.301,2.991,1.152,10.417,2.813,3.238,2.658,6.704,4.348,7.643,3.484,5.743,4.812,2.110,3.828,10.507,2.332,5.137,6.971,1.603,4.074,1.639,1.667,2.290,2.899,0.658,0.000,1.449,0.685,1.143,1.322,2.020,1.600,1.172,3.782,1.744,5.978,3.614,1.829,1.770,2.092,2.102,1.444,3.107,3.546,5.075,2.622,1.786,2.405,2.577,4.561,2.477,4.187,3.270,5.657,2.268,6.387,5.090,4.429,5.353,3.827,5.013,4.709,3.675,4.602,5.128,3.977,4.530,5.769,2.844,7.095,5.674,0.000,0.000,0.000,0.000,0.000,0.000,0.000,0.000,0.000,0.000,0.000,0.000,0.000,0.000,0.000,0.000,1.773,3.906,2.817,3.971,6.314,6.282,6.211,3.728,3.058,3.393,5.296,3.840,2.795,6.347,6.645,4.788,4.171,2.860,2.712,3.686,7.653,5.234,1.742,5.418,6.838,4.703,5.508,7.037,4.050,5.144,3.662,1.878,2.691,3.380,0.920,2.691,5.780,3.012,3.021,5.882,4.612,3.556,1.634,17.125,2.142,9.173,3.352,6.375,7.979
